customer_id,customer_name,country
1,Danielle Moore,Croatia
2,Rachel Johnson,Botswana
3,Tina Perez,Tanzania
4,Edward Poole,Cocos (Keeling) Islands
5,Terri Flores,Argentina
6,Tabitha Miller,Swaziland
7,Nathan Parsons,United States Virgin Islands
8,David Davis,Kyrgyz Republic
9,Stephanie Roberson,Holy See (Vatican City State)
10,Linda Phelps,Hong Kong
11,Donna Rodriguez,Lebanon
12,William Perez,Saint Pierre and Miquelon
13,Amanda Morgan,French Guiana
14,Gregory Williams,Azerbaijan
15,Christopher Mckinney,Indonesia
16,Stacy Hill,Taiwan
17,Mary Morrison,Azerbaijan
18,Samantha Miller,Comoros
19,Tracy Sullivan,Myanmar
20,Edward Keller,Cayman Islands
21,Brenda Brown,Afghanistan
22,James Hammond,United States of America
23,Crystal Marshall,Gambia
24,Kristin Clark,Indonesia
25,Tracey Miller,Uruguay
26,Dustin Smith,Zambia
27,Jennifer Watkins,Barbados
28,Colleen Nichols,Tokelau
29,Matthew Olson,Suriname
30,James Chapman,American Samoa
31,Bryan Dickerson,Aruba
32,Jonathan Edwards,Cote d'Ivoire
33,Rhonda Joyce,Guyana
34,David Martin,Netherlands Antilles
35,Jacob Foster,Congo
36,Courtney Whitney,Kenya
37,Derek Flynn,North Macedonia
38,Jennifer Oneal,Ethiopia
39,Tammy Brown,American Samoa
40,Michelle Dawson,Lesotho
41,James Murphy,Philippines
42,Christine Williams,Greece
43,David Cox,Saint Lucia
44,Debra Hudson,Maldives
45,Julie Decker,Rwanda
46,Sharon Hall,Serbia
47,Robin Fry,Guatemala
48,Brianna White,Dominican Republic
49,Jessica Thompson,Rwanda
50,Christopher Finley,Iran
51,Brandi Simpson,Heard Island and McDonald Islands
52,Martin Cordova,Zambia
53,Brandon Martinez,Estonia
54,Donna Pennington,Pakistan
55,Rachael Gray,Anguilla
56,Morgan Hood,Honduras
57,Christina Williams,Tanzania
58,Laura Peters,Myanmar
59,Anna Huang,Monaco
60,Dr. Cory Hernandez,Philippines
61,Jonathan Turner,Honduras
62,Paul Thompson,United States Minor Outlying Islands
63,Matthew Wilkinson,Uruguay
64,Melissa Morales,Malta
65,Juan Howe,Mali
66,Kim Pineda,United States Virgin Islands
67,Randy Orozco,Uganda
68,Sandra Hooper,Western Sahara
69,David Mccarthy,Cameroon
70,Sara Dean,Uganda
71,Mr. Ronald Lewis DVM,Tanzania
72,Katrina Mooney,Guam
73,Elizabeth Fuller,Holy See (Vatican City State)
74,Ann Bruce,French Southern Territories
75,Cynthia Austin,Bouvet Island (Bouvetoya)
76,Roger Smith,Saint Vincent and the Grenadines
77,Tina Sanders,French Polynesia
78,Samantha Pitts,Guinea-Bissau
79,Nicole Henderson,Maldives
80,Jasmine Green,Eritrea
81,Victoria Fernandez,Argentina
82,Sheri Watson,Sri Lanka
83,Cory Wilson,Togo
84,Zachary Walker,Benin
85,Jermaine Browning,Monaco
86,Robert Williams,Pakistan
87,Tim Carlson,Guadeloupe
88,James Ramirez,Guinea
89,David Olson,Saudi Arabia
90,Destiny Garza,Mayotte
91,Richard Hill,Kiribati
92,Donna Lewis MD,Romania
93,Jasmin Rios,Argentina
94,April Collins,Seychelles
95,Justin Mason,Botswana
96,Stephanie Howard,Australia
97,Stephanie Schwartz DVM,Wallis and Futuna
98,Sarah Watson,Armenia
99,Mike Chambers,Uruguay
100,Carlos Morales,Christmas Island
